N225.Open,N225.High,N225.Low,N225.Close,N225.Volume,N225.Adjusted,HSI.Open,HSI.High,HSI.Low,HSI.Close,HSI.Volume,HSI.Adjusted,BSESN.Open,BSESN.High,BSESN.Low,BSESN.Close,BSESN.Volume,BSESN.Adjusted,NSEI.Open,NSEI.High,NSEI.Low,NSEI.Close,NSEI.Volume,NSEI.Adjusted,AORD.Open,AORD.High,AORD.Low,AORD.Close,AORD.Volume,AORD.Adjusted
8549.540039,8911.620117,8349.330078,8802.509766,2153800000,8802.509766,18770.640625,20590.800781,18302.839844,20390.490234,32840360700,20390.490234,15640.55957,17258.970703,15640.55957,17193.550781,336400,17193.550781,4675.799805,5217,4675.799805,5199.25,0,5199.25,4123.299805,4373.299805,4122.600098,4325.700195,15765271800,4325.700195
8789.05957,9866.410156,8780.099609,9723.240234,3455900000,9723.240234,20394.669922,21760.339844,20269.509766,21680.080078,34569578200,21680.080078,17179.640625,18523.779297,17061.550781,17752.679688,431400,17752.679688,5198.149902,5629.950195,5159,5385.200195,0,5385.200195,4322.399902,4406.100098,4246.399902,4388.100098,23268683500,4388.100098
9771.339844,10255.150391,9509.099609,10083.55957,3340600000,10083.55957,21578.189453,21641.140625,20374.029297,20555.580078,36002725500,20555.580078,17714.619141,18040.689453,16920.609375,17404.199219,335200,17404.199219,5366,5499.399902,5135.950195,5295.549805,0,5295.549805,4381,4443,4234.399902,4420,24272948400,4420
10161.719727,10190.349609,9388.139648,9520.889648,2547300000,9520.889648,20662.970703,21105.570313,20035.679688,21094.210938,27752732600,21094.210938,17429.960938,17664.099609,17010.160156,17318.810547,212800,17318.810547,5296.350098,5378.75,5154.299805,5248.149902,0,5248.149902,4432.5,4468.100098,4327.299805,4467.200195,16695280300,4467.200195
9471.660156,9472.25,8455.129883,8542.730469,2713200000,8542.730469,21245.480469,21385.300781,18378.140625,18629.519531,44756588000,18629.519531,17370.929688,17432.330078,15809.709961,16218.530273,249800,16218.530273,5254.299805,5279.600098,4788.950195,4924.25,0,4924.25,4468.799805,4515,4077.399902,4133.700195,22832288400,4133.700195
8465.469727,9044.040039,8238.959961,9006.780273,2548800000,9006.780273,18498.910156,19578.820313,18056.400391,19441.460938,32618072800,19441.460938,16217.480469,17448.480469,15748.980469,17429.980469,219600,17429.980469,4910.850098,5286.25,4770.350098,5278.899902,0,5278.899902,4133.700195,4202.600098,4033.399902,4135.5,19891969700,4135.5
9103.790039,9136.019531,8328.019531,8695.05957,2457400000,8695.05957,19765.410156,19869.109375,18710.589844,19796.810547,29677791200,19796.810547,17438.679688,17631.189453,16598.480469,17236.179688,210200,17236.179688,5283.850098,5348.549805,5032.399902,5229,0,5229,4135.5,4305.600098,4100,4289.399902,17017518700,4289.399902
8622.040039,9222.870117,8513.200195,8839.910156,2571500000,8839.910156,19646.960938,20300.029297,19450.769531,19482.570313,28688847200,19482.570313,17244.439453,17972.539063,17026.970703,17380.75,213400,17380.75,5220.700195,5448.600098,5164.649902,5258.5,0,5258.5,4289.399902,4430.299805,4235.100098,4339,20528894000,4339
8836.610352,9288.530273,8646.030273,8870.160156,2403400000,8870.160156,19414.619141,20895.609375,19076.789063,20840.380859,33308504500,20840.380859,17465.599609,18869.939453,17250.800781,18762.740234,214200,18762.740234,5276.5,5735.149902,5215.700195,5703.299805,0,5703.299805,4333.799805,4443.200195,4281.5,4406.299805,19791326300,4406.299805
8815.070313,9075.589844,8488.139648,8928.290039,2738800000,8928.290039,20951.380859,21847.699219,20767.359375,21641.820313,31925165400,21641.820313,18784.640625,19137.289063,18393.419922,18505.380859,200600,18505.380859,5704.75,5815.350098,4888.200195,5619.700195,0,5619.700195,4406.299805,4602.5,4394.600098,4535.399902,17543180700,4535.399902
8931.709961,9492.910156,8619.450195,9446.009766,2687500000,9446.009766,21573.929688,22149.699219,21098.410156,22030.390625,29884962700,22030.390625,18487.900391,19372.699219,18255.689453,19339.900391,163000,19339.900391,5609.850098,5885.25,5548.350098,5879.850098,0,5879.850098,4535.399902,4536.299805,4355.899902,4518,18561474700,4518
9484.200195,10433.629883,9376.969727,10395.179688,3432700000,10395.179688,22070.439453,22718.830078,21687.880859,22656.919922,29324098700,22656.919922,19342.830078,19612.179688,19149.029297,19426.710938,175200,19426.710938,5878.25,5965.149902,5823.149902,5905.100098,0,5905.100098,4518,4701,4508.600098,4664.600098,14578307500,4664.600098
10604.5,11145.379883,10398.610352,11138.660156,4335800000,11138.660156,22860.25,23916.160156,22860.25,23729.529297,36737630400,23729.529297,19693.300781,20203.660156,19596.380859,19894.980469,205600,19894.980469,5982.600098,6111.799805,5940.600098,6034.75,1293100,6034.75,4664.600098,4928.600098,4664.600098,4901,15864378200,4901
11193.719727,11662.519531,11046.919922,11559.360352,5299900000,11559.360352,23763.339844,23944.740234,22445.339844,23020.269531,29040943000,23020.269531,19907.210938,19966.689453,18793.970703,18861.539063,179800,18861.539063,6040.950195,6052.950195,5671.899902,5693.049805,3081200,5693.049805,4901,5127.799805,4892,5120.399902,17898313500,5120.399902
11464.709961,12650.259766,11464.709961,12397.910156,4251700000,12397.910156,22957.089844,23262.019531,21975.900391,22299.630859,36448798500,22299.630859,18876.679688,19754.660156,18568.429688,18835.769531,194000,18835.769531,5702.450195,5971.200195,5604.850098,5682.549805,2879100,5682.549805,5120.399902,5174.399902,4944.5,4979.899902,18549735300,4979.899902
12371.339844,13983.870117,11805.780273,13860.860352,6211600000,13860.860352,22203.929688,22862.689453,21423.25,22737.009766,31954683500,22737.009766,18890.810547,19622.679688,18144.220703,19504.179688,183800,19504.179688,5697.350098,5962.299805,5477.200195,5930.200195,2725300,5930.200195,4979.899902,5171.200195,4891.600098,5168.600098,18015469100,5168.600098
13837.719727,15942.599609,13555.660156,13774.540039,7190600000,13774.540039,22692.330078,23512.419922,22290.720703,22392.160156,34131693700,22392.160156,19459.330078,20443.619141,19451.259766,19760.300781,198000,19760.300781,5911.399902,6229.450195,5910.950195,5985.950195,3077100,5985.950195,5165.299805,5229.799805,4885.399902,4914,22302054000,4914
13551.360352,13724.44043,12415.849609,13677.320313,4755100000,13677.320313,22301.679688,22564.179688,19426.359375,20803.289063,43148726200,20803.289063,19859.220703,19860.189453,18467.160156,19395.810547,197600,19395.810547,5997.350098,6011,5566.25,5842.200195,2981700,5842.200195,4914,4915,4610.600098,4775.399902,20223371000,4775.399902
13746.719727,14953.290039,13562.700195,13668.320313,4145700000,13668.320313,21004.560547,22070.140625,20119.560547,21883.660156,33308641600,21883.660156,19352.480469,20351.060547,19126.820313,19345.699219,214900,19345.699219,5834.100098,6093.350098,5675.75,5742,3519500,5742,4775.399902,5077.299805,4682.399902,5035.700195,19536461200,5035.700195
13674.5,14466.160156,13188.139648,13388.860352,3158800000,13388.860352,22025.75,22695.990234,21465.720703,21731.369141,31016927300,21731.369141,19443.289063,19569.199219,17448.710938,18619.720703,304800,18619.720703,5776.899902,5808.5,5118.850098,5471.799805,5011800,5471.799805,5035.700195,5151.600098,4993.200195,5125.299805,20221716000,5125.299805
13438.070313,14817.5,13407.530273,14455.799805,2908600000,14455.799805,21948.720703,23554.339844,21948.720703,22859.859375,36578097600,22859.859375,18691.830078,20739.689453,18166.169922,19379.769531,264600,19379.769531,5480.25,6142.5,5318.899902,5735.299805,4485900,5735.299805,5125.299805,5307.700195,5113.799805,5217.700195,19353225300,5217.700195
14517.980469,14799.280273,13748.94043,14327.94043,3095600000,14327.94043,22997.210938,23534.669922,22640.179688,23206.369141,28707389800,23206.369141,19452.050781,21205.439453,19264.720703,21164.519531,235400,21164.519531,5756.100098,6309.049805,5700.950195,6299.149902,3840600,6299.149902,5217.700195,5453.100098,5118,5420.299805,18001101200,5420.299805
14403.070313,15729.089844,14026.169922,15661.870117,3175900000,15661.870117,23208.800781,24014.810547,22463.400391,23881.289063,33822297200,23881.289063,21158.810547,21293.880859,20137.669922,20791.929688,193300,20791.929688,6289.75,6332.600098,5972.450195,6176.100098,3008100,6176.100098,5420.299805,5432.399902,5282,5314.299805,16628108200,5314.299805
15659.740234,16320.219727,15112.540039,16291.30957,3151000000,16291.30957,23936.150391,24111.550781,22713.699219,23306.390625,27164907400,23306.390625,20771.269531,21483.740234,20568.699219,21170.679688,198500,21170.679688,6171.149902,6415.25,6129.950195,6304,3616400,6304,5314.299805,5367.799805,5037.399902,5353.100098,15731190700,5353.100098
16147.540039,16164.009766,14764.570313,14914.530273,3734900000,14914.530273,23452.759766,23469.330078,21746.230469,22035.419922,35121934700,22035.419922,21222.189453,21409.660156,20343.779297,20513.849609,204900,20513.849609,6301.25,6358.299805,6027.25,6089.5,3280800,6089.5,5353.100098,5383.399902,5174.399902,5205.100098,14523849900,5205.100098
14788.55957,15094.540039,13995.860352,14841.070313,3390300000,14841.070313,21561.699219,22986.699219,21197.779297,22836.960938,32344157800,22836.960938,20479.029297,21140.509766,19963.119141,21120.119141,166300,21120.119141,6058.799805,6282.700195,5933.299805,6276.950195,2688200,6276.950195,5205.100098,5471.799805,5072.700195,5415.399902,20014581500,5415.399902
14666.929688,15312.599609,14203.209961,14827.830078,3011800000,14827.830078,22630.769531,22839.429688,21137.609375,22151.060547,36242166400,22151.060547,21079.269531,22467.210938,20920.980469,22386.269531,365900,22386.269531,6264.350098,6730.049805,6212.25,6704.200195,3853200,6704.200195,5415.399902,5477.299805,5307,5403,19250792100,5403
14870.509766,15164.389648,13885.110352,14304.110352,2575500000,14304.110352,22292.320313,23224.539063,22096.949219,22133.970703,32007331400,22133.970703,22455.230469,22939.310547,22197.509766,22417.800781,155700,22417.800781,6729.5,6869.850098,6650.399902,6696.399902,2672300,6696.399902,5403,5533.299805,5353.600098,5470.799805,14604101100,5470.799805
14341.089844,14744.160156,13964.429688,14632.379883,2560200000,14632.379883,22194.660156,23209.259766,21680.330078,23081.650391,27871344900,23081.650391,22493.589844,25375.630859,22277.039063,24217.339844,321700,24217.339844,6709.950195,7563.5,6638.549805,7229.950195,4282600,7229.950195,5470.799805,5520.299805,5353.399902,5473.799805,16378159200,5473.799805
14777.509766,15442.669922,14777.509766,15162.099609,2715300000,15162.099609,23327.509766,23397.769531,22802.099609,23190.720703,28091330000,23190.720703,24368.960938,25735.869141,24270.199219,25413.779297,271700,25413.779297,7264.049805,7700.049805,7239.5,7611.350098,3619400,7611.350098,5466.299805,5506,5354.700195,5382,16915468700,5382
15179.639648,15759.660156,15101.490234,15620.769531,2467400000,15620.769531,23326.529297,24912.220703,23126.679688,24756.849609,31713818500,24756.849609,25469.939453,26300.169922,24892,25894.970703,232000,25894.970703,7629,7840.950195,7422.149902,7721.299805,3315500,7721.299805,5382,5633.299805,5361.399902,5623.100098,16369549600,5623.100098
15511.540039,15628.780273,14753.839844,15424.589844,2300800000,15424.589844,24594.230469,25243.160156,24190.929688,24742.060547,28096857700,24742.060547,25753.919922,26674.380859,25232.820313,26638.109375,156800,26638.109375,7662.5,7968.25,7540.100098,7954.350098,2481800,7954.350098,5623.100098,5672.299805,5419.700195,5624.600098,17103519100,5624.600098
15454.589844,16374.139648,15440.990234,16173.519531,2530100000,16173.519531,24703.740234,25362.980469,22855.039063,22932.980469,35257327100,22932.980469,26733.179688,27354.990234,26220.490234,26630.509766,178100,26630.509766,7990.350098,8180.200195,7841.799805,7964.799805,2931900,7964.799805,5624.600098,5670.5,5258.5,5296.799805,18232047900,5296.799805
16173.389648,16533.910156,14529.030273,16413.759766,3436700000,16413.759766,22691.589844,24046.400391,22565.599609,23998.060547,32384709800,23998.060547,26681.470703,27894.320313,25910.769531,27865.830078,147200,27865.830078,7960.5,8330.75,7723.850098,8322.200195,2696600,8322.200195,5296.799805,5505,5121.200195,5505,18933803900,5505
16732.849609,17520.539063,16713.369141,17459.849609,3155400000,17459.849609,24133.449219,24313.060547,23252.630859,23987.449219,37102592000,23987.449219,27943.039063,28822.369141,27739.560547,28693.990234,164500,28693.990234,8348.150391,8617,8290.25,8588.25,2698000,8588.25,5505,5523.5,5281.399902,5298.100098,15108814600,5298.100098
17475.099609,18030.830078,16672.939453,17450.769531,2962900000,17450.769531,23678,24189.589844,22529.75,23605.039063,53307609500,23605.039063,28748.220703,28809.640625,26469.419922,27499.419922,199600,27499.419922,8605.099609,8626.950195,7961.350098,8282.700195,3148800,8282.700195,5298.100098,5458.299805,5121.700195,5388.600098,17616533000,5388.600098
17325.679688,17850.589844,16592.570313,17674.390625,2691500000,17674.390625,23699.199219,24995.080078,23312.5,24507.050781,39442104700,24507.050781,27521.279297,29844.160156,26776.119141,29182.949219,227900,29182.949219,8288.700195,8996.599609,8065.450195,8808.900391,3373200,8808.900391,5388.600098,5579.399902,5248.5,5551.600098,15007446500,5551.600098
17536.609375,18865.390625,17271.869141,18797.939453,2975400000,18797.939453,24347.269531,25101.960938,24226.289063,24823.289063,24655757500,24823.289063,29143.630859,29522.859375,28044.490234,29220.119141,245200,29220.119141,8802.5,8913.450195,8470.5,8844.599609,3430800,8844.599609,5551.600098,5917.100098,5551.600098,5898.5,18297636700,5898.5
18869.400391,19778.599609,18577.060547,19206.990234,3191800000,19206.990234,24996.759766,25113.199219,23677.060547,24900.890625,36587953000,24900.890625,29533.419922,30024.740234,27248.449219,27957.490234,256500,27957.490234,8953.849609,9119.200195,8269.150391,8491,3727800,8491,5898.5,5962,5720.5,5861.899902,19459643100,5861.899902
19129.75,20252.119141,18927.949219,19520.009766,3047400000,19520.009766,24955.199219,28588.519531,24926.109375,28133,58920380800,28133,27954.859375,29094.609375,26897.539063,27011.310547,218100,27011.310547,8483.700195,8841.650391,8144.75,8181.5,3108200,8181.5,5861.899902,5963.5,5734.700195,5773.700195,14694227100,5773.700195
19510.849609,20655.330078,19257.849609,20563.150391,3291500000,20563.150391,28231.259766,28524.599609,27191.029297,27424.189453,36888421300,27424.189453,27204.630859,28071.160156,26423.990234,27828.439453,217100,27828.439453,8230.049805,8489.549805,7997.149902,8433.650391,3384800,8433.650391,5773.700195,5886.200195,5580.399902,5774.899902,15827350400,5774.899902
20444.539063,20952.710938,19990.550781,20235.730469,3459500000,20235.730469,27373.060547,27854.740234,25617.779297,26250.029297,44649024000,26250.029297,27770.789063,27968.75,26307.070313,27780.830078,241700,27780.830078,8417.25,8467.150391,7940.299805,8368.5,3156900,8368.5,5774.899902,5774.899902,5383.399902,5451.200195,16235892400,5451.200195
20291.050781,20850,19115.199219,20585.240234,3318200000,20585.240234,26459.429688,26459.429688,22836.820313,24636.279297,46504063100,24636.279297,27823.650391,28578.330078,27416.390625,28114.560547,217000,28114.560547,8376.25,8654.75,8315.400391,8532.849609,3097900,8532.849609,5448.100098,5699.299805,5372.399902,5681.700195,13834709300,5681.700195
20540.210938,20946.929688,17714.300781,18890.480469,3723100000,18890.480469,24533.140625,24924.070313,20865.259766,21670.580078,41879353100,21670.580078,28089.089844,28417.589844,25298.419922,26283.089844,286800,26283.089844,8510.650391,8621.549805,7667.25,7971.299805,3939200,7971.299805,5681.700195,5710.799805,4936.299805,5222.100098,18241252700,5222.100098
18763.720703,18777.470703,16901.490234,17388.150391,3132300000,17388.150391,21692.779297,22228.589844,20368.119141,20846.300781,40309679200,20846.300781,26127.039063,26471.820313,24833.539063,26154.830078,313100,26154.830078,7907.950195,8055,7539.5,7948.899902,3436500,7948.899902,5222.100098,5236.899902,4958.100098,5058.600098,19251685700,5058.600098
17479.970703,19202.339844,17389.570313,19083.099609,2979600000,19083.099609,21172.939453,23423.640625,21130.109375,22640.039063,34315908200,22640.039063,26344.189453,27618.140625,26168.710938,26656.830078,242600,26656.830078,7992.049805,8336.299805,7930.649902,8065.799805,3364200,8065.799805,5058.600098,5420.600098,5058.600098,5288.600098,16257553300,5288.600098
18827.109375,19994.050781,18641.220703,19747.470703,2559500000,19747.470703,22502.279297,23342.070313,21907.349609,21996.419922,34484662600,21996.419922,26641.689453,26824.300781,25451.419922,26145.669922,196700,26145.669922,8054.549805,8116.100098,7714.149902,7935.25,2868500,7935.25,5288.600098,5361.399902,5041.600098,5218.200195,16485050700,5218.200195
19799.080078,20012.400391,18562.509766,19033.710938,2749100000,19033.710938,22197.810547,22563.470703,21010.259766,21914.400391,29502918600,21914.400391,26201.269531,26256.419922,24867.730469,26117.539063,218600,26117.539063,7958.149902,7979.299805,7551.049805,7946.350098,3026200,7946.350098,5218.200195,5372,4963.899902,5344.600098,16288456700,5344.600098
18818.580078,18951.119141,16017.259766,17518.300781,3235900000,17518.300781,21782.619141,21794.839844,18534.300781,19683.109375,40565390400,19683.109375,26116.519531,26116.519531,23839.759766,24870.689453,220300,24870.689453,7924.549805,7937.549805,7241.5,7563.549805,3781100,7563.549805,5344.600098,5379.600098,4857.899902,5056.600098,14098469900,5056.600098
17699.599609,17905.369141,14865.769531,16026.759766,4174100000,16026.759766,19770.960938,19770.960938,18278.800781,19111.929688,28652196000,19111.929688,24982.220703,25002.320313,22494.609375,23002,364500,23002,7589.5,7600.450195,6825.799805,6987.049805,5170500,6987.049805,5056.600098,5122.100098,4762.100098,4947.899902,19442888200,4947.899902
16013,17291.349609,15857.370117,16758.669922,3307500000,16758.669922,19259.990234,20872.550781,19108.300781,20776.699219,34067509300,20776.699219,23153.320313,25479.619141,23133.179688,25341.859375,301700,25341.859375,7038.25,7777.600098,7035.100098,7738.399902,4809600,7738.399902,4947.899902,5272.100098,4936.600098,5151.799805,20113708200,5151.799805
16719.560547,17613.560547,15471.799805,16666.050781,3230600000,16666.050781,20786.179688,21654.070313,20045.470703,21067.050781,32340640800,21067.050781,25301.699219,26100.539063,24523.199219,25606.619141,236300,25606.619141,7718.049805,7992,7516.850098,7849.799805,3538800,7849.799805,5151.799805,5342.899902,4975.700195,5316,15213115400,5316
16357.099609,17251.359375,15975.469727,17234.980469,2563800000,17234.980469,21061.769531,21061.769531,19594.609375,20815.089844,32345943100,20815.089844,25565.439453,26837.199219,25057.929688,26667.960938,280500,26667.960938,7822.700195,8213.599609,7678.350098,8160.100098,4361300,8160.100098,5316,5489.799805,5253.200195,5447.799805,17978190200,5447.799805
17097.220703,17145.949219,14864.009766,15575.919922,3093000000,15575.919922,20726.529297,21352.369141,19662.699219,20794.369141,39021655300,20794.369141,26684.460938,27105.410156,25911.330078,26999.720703,245400,26999.720703,8179.200195,8308.150391,7927.049805,8287.75,4193500,8287.75,5447.799805,5461,5131.899902,5310.399902,17921161900,5310.399902
15698.019531,16938.960938,15106.519531,16569.269531,2816900000,16569.269531,20967.470703,22300.509766,20304.390625,21891.369141,31713817500,21891.369141,27064.330078,28240.199219,27034.140625,28051.859375,266300,28051.859375,8313.049805,8674.700195,8287.549805,8638.5,3321700,8638.5,5310.399902,5650.799805,5237.799805,5644,15205357100,5644
16415.310547,16943.669922,15921.040039,16887.400391,2675600000,16887.400391,22027.650391,23193.900391,21725.380859,22976.880859,38561200800,22976.880859,28083.080078,28532.25,27627.970703,28452.169922,280700,28452.169922,8654.299805,8819.200195,8518.150391,8786.200195,3826100,8786.200195,5644,5691.799805,5510.200195,5529.399902,17313412400,5529.399902
16885.160156,17156.359375,16285.410156,16449.839844,2493200000,16449.839844,22897.160156,24364,22843.419922,23297.150391,39728207400,23297.150391,28459.089844,29077.279297,27716.779297,27865.960938,258900,27865.960938,8793.599609,8968.700195,8555.200195,8611.150391,3900400,8611.150391,5529.399902,5560.700195,5294.100098,5525.200195,17803214900,5525.200195
16566.029297,17461.029297,16554.830078,17425.019531,2222800000,17425.019531,23652.830078,24064.5,22775.289063,22934.539063,26308577200,22934.539063,27997.289063,28477.650391,27488.300781,27941.509766,228500,27941.509766,8666.150391,8806.950195,8506.150391,8638,3165200,8638,5525.200195,5578.899902,5347.299805,5402.399902,15198480400,5402.399902
17380.539063,18482.939453,16111.80957,18308.480469,3226000000,18308.480469,23015.060547,23268.050781,21957.710938,22789.769531,34929744700,22789.769531,27966.179688,28029.800781,25717.929688,26652.810547,261000,26652.810547,8653.150391,8669.599609,7916.399902,8224.5,4585400,8224.5,5402.399902,5583.5,5138.899902,5502.399902,18827057200,5502.399902
18535.240234,19592.900391,18227.390625,19114.369141,3038700000,19114.369141,22948.650391,23076.240234,21488.820313,22000.560547,35336630000,22000.560547,26756.660156,26803.759766,25753.740234,26626.460938,189300,26626.460938,8244,8274.950195,7893.799805,8185.799805,3118800,8185.799805,5502.399902,5746.700195,5443.5,5719.100098,15862784600,5719.100098
19298.679688,19615.400391,18650.330078,19041.339844,2440400000,19041.339844,21993.359375,23397.089844,21883.820313,23360.779297,25822815800,23360.779297,26711.150391,27980.390625,26447.060547,27655.960938,201400,27655.960938,8210.099609,8672.700195,8133.799805,8561.299805,4009100,8561.299805,5720.700195,5876.799805,5661.200195,5675,13557800800,5675
18926.970703,19519.439453,18805.320313,19118.990234,2606300000,19118.990234,23211.880859,24216.529297,22997.460938,23740.730469,41223714800,23740.730469,27669.080078,29065.310547,27590.099609,28743.320313,240100,28743.320313,8570.349609,8982.150391,8537.5,8879.599609,4398500,8879.599609,5675,5880.899902,5635.100098,5761,17390206600,5761
19226.939453,19668.009766,18909.259766,18909.259766,2646000000,18909.259766,23849.220703,24656.650391,23438.859375,24111.589844,42389134200,24111.589844,28849.039063,29824.619141,28716.210938,29620.5,1536500,29620.5,8904.400391,9218.400391,8860.099609,9173.75,4835000,9173.75,5761,5937.200195,5724.100098,5903.799805,20191684500,5903.799805
18988,19289.429688,18224.679688,19196.740234,2178500000,19196.740234,24236.560547,24717.439453,23723.869141,24615.130859,27864260500,24615.130859,29737.730469,30184.220703,29241.480469,29918.400391,194700,29918.400391,9220.599609,9367.150391,9075.150391,9304.049805,2931300,9304.049805,5903.799805,5983.200195,5826.700195,5947.600098,13914426600,5947.600098
19154.029297,19998.490234,19144.619141,19650.570313,2230200000,19650.570313,24773.800781,25817.949219,24358.720703,25660.650391,33998951700,25660.650391,30021.490234,31255.279297,29804.119141,31145.800781,282400,31145.800781,9339.849609,9649.599609,9269.900391,9621.25,4541800,9621.25,5947.600098,5976.399902,5720.5,5761.299805,19761002700,5761.299805
19692.160156,20318.109375,19686.320313,20033.429688,2326500000,20033.429688,25736.349609,26090.330078,25557.800781,25764.580078,35906269800,25764.580078,31117.089844,31522.869141,30680.660156,30921.609375,329400,30921.609375,9603.549805,9709.299805,9448.75,9520.900391,3558000,9520.900391,5761.299805,5863.799805,5670.700195,5764,19162785000,5764
20056.320313,20200.880859,19856.650391,19925.179688,1790600000,19925.179688,25654.769531,27324.380859,25199.859375,27323.990234,37177052800,27323.990234,31156.039063,32672.660156,31017.109375,32514.939453,258300,32514.939453,9587.950195,10114.849609,9543.549805,10077.099609,3732400,10077.099609,5764,5846.200195,5705.600098,5773.899902,16497542700,5773.899902
19907.080078,20113.730469,19280.019531,19646.240234,1876000000,19646.240234,27326.039063,28127.900391,26863.710938,27970.300781,47152524300,27970.300781,32579.800781,32686.480469,31128.019531,31730.490234,241300,31730.490234,10101.049805,10137.849609,9685.549805,9917.900391,4168000,9917.900391,5773.899902,5852.700195,5711.700195,5776.299805,19994391200,5776.299805
19733.570313,20481.269531,19239.519531,20356.279297,1807500000,20356.279297,28015.220703,28248.119141,27300.369141,27554.300781,34006627000,27554.300781,31769.339844,32524.109375,31081.830078,31283.720703,233900,31283.720703,9937.650391,10178.950195,9687.549805,9788.599609,4165300,9788.599609,5776.299805,5835.700195,5702.200195,5744.899902,15795779200,5744.899902
20400.509766,22086.880859,20363.279297,22011.609375,1872800000,22011.609375,27884.210938,28798.779297,27737.380859,28245.539063,36453138400,28245.539063,31537.810547,33340.171875,31440.480469,33213.128906,209400,33213.128906,9893.299805,10384.5,9831.049805,10335.299805,4500300,10335.299805,5744.899902,6003.200195,5717.700195,5976.399902,16222442900,5976.399902
22144.919922,23382.150391,21972.339844,22724.960938,1981200000,22724.960938,28387.550781,30199.689453,28137.769531,29177.349609,42264399600,29177.349609,33344.230469,33865.949219,32683.589844,33149.351563,718100,33149.351563,10390.349609,10490.450195,10094,10226.549805,4650900,10226.549805,5976.399902,6124.700195,5976.399902,6057.200195,17026893200,6057.200195
22916.929688,22994.330078,22119.210938,22764.939453,1539000000,22764.939453,29261.310547,29997.960938,28134.929688,29919.150391,33816384100,29919.150391,33247.660156,34137.96875,32565.160156,34056.828125,252700,34056.828125,10263.700195,10552.400391,10033.349609,10530.700195,3504400,10530.700195,6057.200195,6193,6023.5,6167.299805,15342066000,6167.299805
23073.730469,24129.339844,23065.199219,23098.289063,1606300000,23098.289063,30028.289063,33484.078125,30028.289063,32887.269531,65422943900,32887.269531,34059.988281,36443.980469,33703.371094,35965.019531,382500,35965.019531,10477.549805,11171.549805,10404.650391,11027.700195,4560600,11027.700195,6167.299805,6256.5,6103.899902,6146.5,16152513000,6146.5
23276.099609,23492.769531,20950.150391,22068.240234,1840200000,22068.240234,32950.300781,33048.039063,29129.259766,30844.720703,51985739100,30844.720703,36048.988281,36256.828125,33482.808594,34184.039063,342600,34184.039063,11044.549805,11117.349609,10276.299805,10492.849609,4389900,10492.849609,6146.5,6229.799805,5887.299805,6117.299805,17390365400,6117.299805
21901.130859,21971.160156,20347.490234,21454.300781,1732700000,21454.300781,30476.990234,31978.140625,29819.630859,30093.380859,44458615200,30093.380859,34141.21875,34278.628906,32483.839844,32968.679688,266400,32968.679688,10479.950195,10525.5,9951.900391,10113.700195,4389100,10113.700195,6117.299805,6130.700195,5861.899902,5868.899902,18092533800,5868.899902
21441.570313,22495.560547,21056.019531,22467.869141,1386000000,22467.869141,29927.880859,31094.109375,29518.689453,30808.449219,34848642500,30808.449219,33030.871094,35213.300781,32972.558594,35160.359375,227700,35160.359375,10151.650391,10759,10111.299805,10739.349609,4499400,10739.349609,5868.899902,6079.299805,5834,6071.600098,16235024000,6071.600098
22453.419922,23050.390625,21931.650391,22201.820313,1607600000,22201.820313,30782.210938,31592.560547,29791.869141,30468.560547,37856201400,30468.560547,35328.910156,35993.53125,34302.890625,35322.378906,239400,35322.378906,10783.849609,10929.200195,10417.799805,10736.150391,5142500,10736.150391,6071.600098,6245.899902,6067.899902,6123.5,20106627400,6123.5
22126.25,23011.570313,22038.400391,22304.509766,1513500000,22304.509766,30548.779297,31521.130859,28169.099609,28955.109375,42599949800,28955.109375,35373.980469,35877.410156,34784.679688,35423.480469,321000,35423.480469,10738.450195,10893.25,10550.900391,10714.299805,4683800,10714.299805,6123.5,6347.799805,6086.799805,6289.700195,23047771300,6289.700195
22233.800781,22949.320313,21462.949219,22553.720703,1523800000,22553.720703,28617,29083.400391,27745.849609,28583.009766,37645679300,28583.009766,35545.21875,37644.589844,35106.570313,37606.578125,273300,37606.578125,10732.349609,11366,10604.650391,11356.5,4648500,11356.5,6289.700195,6394.299805,6265.200195,6366.200195,15439821800,6366.200195
22642.179688,23032.169922,21851.320313,22865.150391,1515200000,22865.150391,28756.720703,28772.800781,26871.109375,27888.550781,37508015600,27888.550781,37643.871094,38989.648438,37128.988281,38645.070313,263300,38645.070313,11359.799805,11760.200195,11234.950195,11680.5,4923000,11680.5,6366.200195,6481.299805,6323,6427.799805,19423294300,6427.799805
22819.169922,24286.099609,22172.900391,24120.039063,1447600000,24120.039063,27809.449219,28031.810547,26219.560547,27788.519531,35529393300,27788.519531,38915.910156,38934.351563,35985.628906,36227.140625,305800,36227.140625,11751.799805,11751.799805,10850.299805,10930.450195,5151800,10930.450195,6427.799805,6441.299805,6211.600098,6325.5,17158995000,6325.5
24173.369141,24448.070313,20971.929688,21920.460938,1822800000,21920.460938,27716.160156,27716.160156,24540.630859,24979.689453,41220417100,24979.689453,36274.25,36616.640625,33291.578125,34442.050781,441200,34442.050781,10930.900391,11035.650391,10004.549805,10386.599609,7030800,10386.599609,6325.5,6325.5,5721.600098,5913.299805,19515529400,5913.299805
21906.410156,22583.429688,21243.380859,22351.060547,1534700000,22351.060547,25228.75,26923.330078,25092.300781,26506.75,34971908500,26506.75,34650.628906,36389.21875,34303.378906,36194.300781,399800,36194.300781,10441.700195,10922.450195,10341.900391,10876.75,5318400,10876.75,5913.299805,6027.200195,5675.899902,5749.299805,18360242900,5749.299805
22629.390625,22698.789063,18948.580078,20014.769531,1529200000,20014.769531,27185.660156,27260.439453,25313.75,25845.699219,29876011600,25845.699219,36396.691406,36554.988281,34426.289063,36068.328125,121837500,36068.328125,10930.700195,10985.150391,10333.849609,10862.549805,6533100,10862.549805,5749.299805,5856.299805,5478.399902,5709.399902,15542943100,5709.399902
19655.130859,20892.679688,19241.369141,20773.490234,1275600000,20773.490234,25824.439453,28010.900391,24896.869141,27942.470703,38581138000,27942.470703,36198.128906,36701.03125,35375.511719,36256.691406,133470600,36256.691406,10868.849609,10987.450195,10583.650391,10830.950195,7273800,10830.950195,5709.399902,5979.899902,5620.299805,5937.299805,13683629100,5937.299805
20797.029297,21610.880859,20315.310547,21385.160156,1276100000,21385.160156,28193.279297,29014.189453,27534.199219,28633.179688,31422096300,28633.179688,36311.738281,37172.179688,35287.160156,35867.441406,60134300,35867.441406,10851.349609,11118.099609,10585.650391,10792.5,7461400,10792.5,5937.299805,6267.700195,5924.5,6252.700195,17196470900,6252.700195
21490.019531,21860.390625,20911.570313,21205.810547,1396900000,21205.810547,28716.599609,29486.150391,28201.089844,29051.359375,38996518300,29051.359375,36018.488281,38748.539063,35926.941406,38672.910156,318000,38672.910156,10842.650391,11630.349609,10817,11623.900391,6857200,11623.900391,6252.700195,6350.799805,6181.100098,6261.700195,19045805500,6261.700195
21500.890625,22362.919922,21471.119141,22258.730469,1187800000,22258.730469,29383.720703,30280.119141,29383.720703,29699.109375,35432393100,29699.109375,38858.878906,39487.449219,38460.25,39031.550781,312900,39031.550781,11665.200195,11856.150391,11549.099609,11748.150391,6516900,11748.150391,6261.700195,6477.899902,6258.799805,6418.399902,13912409100,6418.399902
22184.400391,22190.490234,20581.580078,20601.189453,1458100000,20601.189453,29643.050781,30081.550781,26850.269531,26901.089844,44724478400,26901.089844,39036.511719,40124.960938,36956.101563,39714.199219,396100,39714.199219,11725.549805,12041.150391,11108.299805,11922.799805,8645600,11922.799805,6418.399902,6598.299805,6289.600098,6491.799805,19128361600,6491.799805
20327.869141,21497.820313,20289.640625,21275.919922,1195400000,21275.919922,26909.710938,28634.480469,26671.900391,28542.619141,33476138400,28542.619141,39806.859375,40312.070313,38870.960938,39394.640625,311500,39394.640625,11953.75,12103.049805,11625.099609,11788.849609,6788000,11788.849609,6491.799805,6773.399902,6401,6699.200195,18705183500,6699.200195
21566.269531,21823.070313,20993.439453,21521.529297,1168700000,21521.529297,28904.039063,29007.980469,27701.439453,27777.75,25833237300,27777.75,39543.730469,40032.410156,37128.261719,37481.121094,445000,37481.121094,11839.900391,11981.75,10999.400391,11118,9988500,11118,6699.200195,6958.700195,6699.200195,6896.700195,18272688400,6896.700195
21361.580078,21556.689453,20110.759766,20704.369141,1373500000,20704.369141,27582.210938,27754.039063,24899.929688,25724.730469,41903210600,25724.730469,37387.179688,37807.550781,36102.351563,37332.789063,558800,37332.789063,11060.200195,11181.450195,10637.150391,11023.25,11153100,11023.25,6896.700195,6896.700195,6476.700195,6698.200195,21419352000,6698.200195
20625.75,22255.560547,20554.160156,21755.839844,1392600000,21755.839844,25627.830078,27366.449219,25498.109375,26092.269531,34931280900,26092.269531,37181.761719,39441.121094,35987.800781,38667.328125,565500,38667.328125,10960.950195,11694.849609,10670.25,11474.450195,12210000,11474.450195,6698.200195,6883.100098,6605.399902,6800.600098,21290345800,6800.600098
21831.439453,23008.429688,21276.009766,22927.039063,1347900000,22927.039063,25901.470703,27027.560547,25521.949219,26906.720703,31528918300,26906.720703,38813.480469,40392.21875,37415.828125,40129.050781,859000,40129.050781,11515.400391,11945,11090.150391,11877.450195,15461000,11877.450195,6800.600098,6867.5,6594.600098,6772.899902,18478531600,6772.899902
22730.490234,23608.060547,22705.599609,23293.910156,1356700000,23293.910156,26806.439453,27900.800781,26203.970703,26346.490234,31935674700,26346.490234,40196.070313,41163.789063,40014.230469,40793.808594,711300,40793.808594,11886.599609,12158.799805,11802.650391,12056.049805,13178000,12056.049805,6772.899902,6996,6743.799805,6948,18108700500,6948
23388.630859,24091.119141,23044.779297,23656.619141,1173000000,23656.619141,26475.339844,28418.650391,25995.150391,28189.75,26545016200,28189.75,41072.941406,41809.960938,40135.371094,41253.738281,538200,41253.738281,12137.049805,12293.900391,11832.299805,12168.450195,12549800,12168.450195,6948,6990.399902,6700.200195,6802.399902,14726648500,6802.399902
23319.759766,24115.949219,22892.949219,23205.179688,1133600000,23205.179688,28249.369141,29174.919922,26295.490234,26312.630859,32702114800,26312.630859,41340.269531,42273.871094,40476.550781,40723.488281,204300,40723.488281,12202.150391,12430.5,11929.599609,11962.099609,10965400,11962.099609,6802.399902,7260,6789.399902,7121.200195,13482036800,7121.200195
22874.269531,23995.369141,20916.400391,21142.960938,1396200000,21142.960938,26189.609375,28055.580078,25989.410156,26129.929688,38617191800,26129.929688,39701.019531,41709.300781,38219.96875,38297.289063,201400,38297.289063,11627.450195,12246.700195,11175.049805,11201.75,10198200,11201.75,7121.200195,7289.700195,6498.799805,6511.5,19383472200,6511.5
20849.789063,21719.779297,16358.19043,18917.009766,3101700000,18917.009766,26077.730469,26805.580078,21139.259766,23603.480469,70686647300,23603.480469,38910.949219,39083.171875,25638.900391,29468.490234,702000,29468.490234,11387.349609,11433,7511.100098,8597.75,21303000,8597.75,6501.299805,6598.799805,4564.100098,5110.600098,41755181900,5110.600098
18686.119141,20365.890625,17646.5,20193.689453,1837200000,20193.689453,23365.900391,24855.470703,22756.130859,24643.589844,36255335600,24643.589844,29505.330078,33887.25,27500.789063,33717.621094,346600,33717.621094,8584.099609,9889.049805,8055.799805,9859.900391,12736300,9859.900391,5110.600098,5623,5063.5,5597.700195,27360895000,5597.700195
19991.970703,21955.439453,19448.929688,21877.890625,1539400000,21877.890625,23895.109375,24766.830078,22519.730469,22961.470703,37135966500,22961.470703,32748.140625,32845.480469,29968.449219,32424.099609,544100,32424.099609,9533.5,9598.849609,8806.75,9580.299805,13675900,9580.299805,5597.700195,6029.899902,5246.399902,5872.200195,27232943400,5872.200195
21910.890625,23185.849609,21529.830078,22288.140625,1754000000,22288.140625,23539.910156,25303.779297,23539.910156,24427.189453,40112436500,24427.189453,32906.050781,35706.550781,32348.099609,34915.800781,541900,34915.800781,9726.849609,10553.150391,9544.349609,10302.099609,16778800,10302.099609,5872.200195,6314.600098,5823.5,6001.299805,33258396900,6001.299805
22338.300781,22965.560547,21710,21710,1454700000,21710,24563.570313,26782.619141,24526.910156,24595.349609,48701717400,24595.349609,35009.589844,38617.03125,34927.199219,37606.890625,442900,37606.890625,10323.799805,11341.400391,10299.599609,11073.450195,14640200,11073.450195,6001.299805,6272.299805,6000.399902,6058.299805,23016694200,6058.299805
21947.580078,23431.039063,21919.830078,23139.759766,1357300000,23139.759766,24566.810547,25847.109375,24167.789063,25177.050781,35256937100,25177.050781,37595.730469,40010.171875,36911.230469,38628.289063,381900,38628.289063,11057.549805,11794.25,10882.25,11387.5,14035500,11387.5,6058.299805,6369.899902,5992.399902,6245.899902,24319379800,6245.899902
23089.630859,23622.740234,22878.710938,23185.119141,1362400000,23185.119141,25085.669922,25254.140625,23124.25,23459.050781,38637026300,23459.050781,38754,39359.511719,36495.980469,38067.929688,309800,38067.929688,11464.299805,11618.099609,10790.200195,11247.549805,12928400,11247.549805,6245.899902,6316.200195,5951.299805,6009.299805,25441524400,6009.299805
23184.929688,23725.580078,22948.470703,22977.130859,1148600000,22977.130859,24039.390625,24970.589844,23674.519531,24107.419922,37826792700,24107.419922,38410.199219,41048.050781,38410.199219,39614.070313,323000,39614.070313,11364.450195,12025.450195,11347.049805,11642.400391,11602500,11642.400391,6009.299805,6455.600098,5970.299805,6133.200195,20624673100,6133.200195
23110.740234,26834.199219,23096.789063,26433.619141,1614800000,26433.619141,24274.830078,27040.410156,24232.660156,26341.490234,56229675200,26341.490234,39880.378906,44825.371094,39334.921875,44149.71875,407000,44149.71875,11697.349609,13145.849609,11557.400391,12968.950195,13004600,12968.950195,6133.200195,6923.100098,6105.399902,6742.100098,22020169400,6742.100098
26624.199219,27602.519531,26327.080078,27444.169922,1340300000,27444.169922,26422.710938,27340.990234,25998.869141,27231.130859,54554133600,27231.130859,44435.828125,47896.96875,44118.101563,47751.328125,390400,47751.328125,13062.200195,14024.849609,12962.799805,13981.75,12077600,13981.75,6742.100098,7009.700195,6732.600098,6850.600098,19431896800,6850.600098
27575.570313,28979.529297,27002.179688,27663.390625,1388600000,27663.390625,27087.130859,30191.160156,27079.240234,28283.710938,73416364000,28283.710938,47785.28125,50184.011719,46160.460938,46285.769531,424300,46285.769531,13996.099609,14753.549805,13596.75,13634.599609,13119900,13634.599609,6850.600098,7118.600098,6849.5,6870.899902,16266687600,6870.899902
27649.070313,30714.519531,27649.070313,28966.009766,1406000000,28966.009766,28457.849609,31183.359375,28382.259766,28980.210938,55941235800,28980.210938,46617.949219,52516.761719,46433.648438,49099.988281,439900,49099.988281,13758.599609,15431.75,13661.75,14529.150391,14313900,14529.150391,6870.899902,7207.700195,6770.799805,6940.600098,19244405400,6940.600098
29419.449219,30485,28308.570313,29178.800781,1956500000,29178.800781,29457.890625,29912,27505.080078,28378.349609,67911393800,28378.349609,49747.710938,51821.839844,48236.351563,49509.148438,270000,49509.148438,14702.5,15336.299805,14264.400391,14690.700195,9886800,14690.700195,6940.600098,7119.200195,6885.100098,7017,22933667200,7017
29441.910156,30208.890625,28419.839844,28812.630859,1231300000,28812.630859,28594.550781,29405.119141,28274.269531,28724.880859,39149674800,28724.880859,49868.53125,50375.769531,47204.5,48782.359375,249700,48782.359375,14798.400391,15044.349609,14151.400391,14631.099609,9344700,14631.099609,7017,7358.799805,7015.200195,7290.700195,18207374600,7290.700195
29024.009766,29685.410156,27385.029297,28860.080078,1313600000,28860.080078,28659.910156,29336.130859,27715.880859,29151.800781,44192230800,29151.800781,48356.011719,52013.21875,48028.070313,51937.441406,267400,51937.441406,14481.049805,15606.349609,14416.25,15582.799805,9859900,15582.799805,7290.700195,7448.299805,7154,7406.700195,19212253400,7406.700195
28998.650391,29480.849609,27795.859375,28791.529297,1258700000,28791.529297,29159.060547,29490.609375,28216.089844,28827.949219,45376408300,28827.949219,52067.511719,53126.730469,51450.578125,52482.710938,260100,52482.710938,15629.650391,15915.650391,15450.900391,15721.5,8079100,15721.5,7406.700195,7655.899902,7366.799805,7585,21281495200,7585
28832.410156,28852.310547,27272.490234,27283.589844,1108100000,27283.589844,28859.019531,28859.019531,24748.839844,25961.029297,49244260800,25961.029297,52638.5,53290.808594,51802.730469,52586.839844,210600,52586.839844,15755.049805,15962.25,15513.450195,15763.049805,5756800,15763.049805,7585,7722,7478,7664.200195,19714764400,7664.200195
27493.320313,28279.800781,26954.810547,28089.539063,1235400000,28089.539063,26054.810547,26822.470703,24581.599609,25878.990234,42631874600,25878.990234,52901.28125,57625.261719,52804.078125,57552.390625,191500,57552.390625,15874.900391,17153.5,15834.650391,17132.199219,6349900,17132.199219,7689.299805,7902.200195,7688.5,7823.299805,22806885700,7823.299805
28179.039063,30795.779297,28179.039063,29452.660156,1561500000,29452.660156,25871.820313,26560.039063,23771.460938,24575.640625,47170477800,24575.640625,57763.53125,60412.320313,57263.898438,59126.359375,255700,59126.359375,17185.599609,17947.650391,17055.050781,17618.150391,6955600,17618.150391,7823.299805,7840.700195,7446.5,7629.700195,28095996100,7629.700195
29235.109375,29489.109375,27293.619141,28892.689453,1601900000,28892.689453,24478.679688,26234.939453,23681.439453,25377.240234,33219748700,25377.240234,58889.769531,62245.429688,58551.140625,59306.929688,250800,59306.929688,17531.900391,18604.449219,17452.900391,17671.650391,7651200,17671.650391,7629.700195,7786.100098,7457.600098,7639.100098,22048349500,7639.100098
29330.679688,29960.929688,27819.140625,27821.759766,1433700000,27821.759766,25268.349609,25746.710938,23175.369141,23475.259766,36869190400,23475.259766,59577.480469,61036.558594,56382.929688,57064.871094,162000,57064.871094,17783.150391,18210.150391,16782.400391,16983.199219,5853100,16983.199219,7639.100098,7809.399902,7482.799805,7587.399902,23005252000,7587.399902
27866.730469,29121.009766,27588.609375,28791.710938,1284100000,28791.710938,23595.570313,24385.439453,22665.25,23397.669922,35474891800,23397.669922,57365.851563,59203.371094,55132.679688,58253.820313,177400,58253.820313,17104.400391,17639.5,16410.199219,17354.050781,5499300,17354.050781,7587.399902,7847.899902,7487.200195,7779.200195,19537791500,7779.200195
29098.410156,29388.160156,26044.519531,27001.980469,1387900000,27001.980469,23510.539063,24982.029297,22709.599609,23802.259766,41535672300,23802.259766,58310.089844,61475.148438,56409.628906,58014.171875,175100,58014.171875,17387.150391,18350.949219,16836.800781,17339.849609,5435500,17339.849609,7779.200195,7956.299805,7031.899902,7268.299805,21670375000,7268.299805
27167.140625,27880.699219,25775.640625,26526.820313,1390900000,26526.820313,24392.859375,25050.589844,22406.119141,22713.019531,34363309500,22713.019531,58672.859375,59618.511719,54383.199219,56247.28125,177500,56247.28125,17529.449219,17794.599609,16203.25,16793.900391,5620100,16793.900391,7268.299805,7646.700195,7225,7323.200195,22098820600,7323.200195
26836.740234,28338.810547,24681.740234,27821.429688,1882500000,27821.429688,22739.839844,22937.560547,18235.480469,21996.849609,71314955300,21996.849609,55629.300781,58890.921875,52260.820313,58568.511719,242300,58568.511719,16593.099609,17559.800781,15671.450195,17464.75,7959500,17464.75,7323.200195,7839.899902,7242.799805,7789.600098,32735476000,7789.600098
27624.109375,27965.939453,26051.039063,26847.900391,1345900000,26847.900391,21693.099609,22523.640625,19665.490234,21089.390625,39456522400,21089.390625,58530.730469,60845.101563,56009.070313,57060.871094,156900,57060.871094,17436.900391,18114.650391,16824.699219,17102.550781,5658100,17102.550781,7789.600098,7923.399902,7514.5,7724.799805,22125197500,7724.799805
26851.099609,27463.330078,25688.109375,27279.800781,1582900000,27279.800781,20927.619141,21415.199219,19178.890625,21415.199219,42724588700,21415.199219,56429.449219,57184.210938,52632.480469,55566.410156,197800,55566.410156,16924.449219,17132.849609,15735.75,16584.550781,6343200,16584.550781,7724.799805,7724.799805,7157.200195,7455.200195,28367739900,7455.200195
27295.630859,28389.75,25520.230469,26393.039063,1637700000,26393.039063,21407.789063,22449.310547,20697.169922,21859.789063,51399483400,21859.789063,55588.269531,56432.648438,50921.21875,53018.941406,131700,53018.941406,16594.400391,16793.849609,15183.400391,15780.25,5514100,15780.25,7455.200195,7488.799805,6581.600098,6746.5,31582088400,6746.5
26460.710938,28015.679688,25841.75,27801.640625,1339300000,27801.640625,21690.679688,22198.509766,20050.050781,20156.509766,37726894300,20156.509766,52863.339844,57619.269531,52094.25,57570.25,215400,57570.25,15703.700195,17172.800781,15511.049805,17158.25,5475300,17158.25,6746.5,7201.700195,6720.399902,7173.799805,22260986200,7173.799805
27813.820313,29222.769531,27530.599609,28091.529297,1397800000,28091.529297,20026.599609,20283.589844,19189.539063,19954.390625,40155849000,19954.390625,57823.101563,60411.199219,57367.46875,59537.070313,271700,59537.070313,17243.199219,17992.199219,17154.800781,17759.300781,5589500,17759.300781,7173.799805,7386.399902,7134.899902,7226.100098,26956356700,7226.100098
27797,28659.759766,25805.589844,25937.210938,1377200000,25937.210938,19761.720703,19839.509766,17016.279297,17222.830078,42070114000,17222.830078,58710.53125,60676.121094,56147.230469,57426.921875,341300,57426.921875,17485.699219,18096.150391,16747.699219,17094.349609,6896300,17094.349609,7226.100098,7258,6630,6678.700195,27833281700,6678.700195
25778.949219,27602.990234,25621.960938,27587.460938,1435500000,27587.460938,17050.25,18164.199219,14597.30957,14687.019531,45816860400,14687.019531,57403.921875,60786.699219,56683.398438,60746.589844,250200,60746.589844,17102.099609,18022.800781,16855.550781,18012.199219,4539900,18012.199219,6678.700195,7071,6609.799805,7054.799805,22694421200,7054.799805
27614.640625,28502.289063,27032.019531,27968.990234,1555800000,27968.990234,14859.919922,18645.349609,14859.919922,18597.230469,75233571200,18597.230469,61065.578125,63303.011719,60425.46875,63099.648438,285900,63099.648438,18130.699219,18816.050781,17959.199219,18758.349609,5257200,18758.349609,7054.799805,7487.600098,7011.399902,7480.700195,24677639900,7480.700195
28273.130859,28423.460938,25953.919922,26094.5,1484200000,26094.5,19058.900391,20099.769531,18530.820313,19781.410156,58529829700,19781.410156,63357.988281,63583.070313,59754.101563,60840.738281,182600,60840.738281,18871.949219,18887.599609,17774.25,18105.300781,4741600,18105.300781,7480.700195,7573.5,7170.799805,7221.700195,20340647800,7221.700195
25834.929688,27502.150391,25661.890625,27327.109375,1364600000,27327.109375,19570.429688,22700.849609,19303.730469,21842.330078,46990601700,21842.330078,60871.238281,61343.960938,58699.199219,59549.898438,182500,59549.898438,18131.699219,18251.949219,17405.550781,17662.150391,5632700,17662.150391,7221.700195,7729.399902,7087.799805,7686.100098,18169881200,7686.100098
